GENE	KINASE	KIN_ACC_ID	KIN_ORGANISM	SUBSTRATE	SUB_GENE_ID	SUB_ACC_ID	SUB_GENE	SUB_ORGANISM	SUB_MOD_RSD	SITE_GRP_ID	SITE_+/-7_AA	DOMAIN	IN_VIVO_RXN	IN_VITRO_RXN	CST_CAT#
CDK1	CDK1	P06493	human	SPT5	6829	O00267	SUPT5H	human	S666	468817	VGGFAPMsPrISsPM		 	X	
CDK2	CDK2	P24941	human	SPT5	6829	O00267	SUPT5H	human	S666	468817	VGGFAPMsPrISsPM		 	X	
CDK9	CDK9	P50750	human	SPT5	6829	O00267	SUPT5H	human	S666	468817	VGGFAPMsPrISsPM		X	 	
EEF2K	EEF2K	O00418	human	EEF2K	29904	O00418	EEF2K	human	S445	483529	sGDsGyPsEKRGELD		 	X	
PRKCD	PKCD	Q05655	human	DRP1	10059	O00429	DNM1L	human	S616	454690	PIPIMPAsPQKGHAV		X	 	3455; 4494
MAPK3	ERK1	P27361	human	DRP1	10059	O00429	DNM1L	human	S616	454690	PIPIMPAsPQKGHAV		 	X	3455; 4494
CDK1	CDK1	P06493	human	DRP1	10059	O00429	DNM1L	human	S616	454690	PIPIMPAsPQKGHAV		 	X	3455; 4494
CDK2	CDK2	P24941	human	DRP1	10059	O00429	DNM1L	human	S616	454690	PIPIMPAsPQKGHAV		 	X	3455; 4494
MAPK1	ERK2	P28482	human	DRP1	10059	O00429	DNM1L	human	S616	454690	PIPIMPAsPQKGHAV		X	X	3455; 4494
CDK5	CDK5	Q00535	human	DRP1	10059	O00429	DNM1L	human	S616	454690	PIPIMPAsPQKGHAV		X	 	3455; 4494
CDK1	CDK1	P06493	human	RGPD8	727851	O14715	RGPD8	human	S1275	7323381	HAsPLAssPVRKNLF		 	X	
CDK1	CDK1	P06493	human	RANBP2	5903	P49792	RANBP2	human	S2251	468569	HAsPLAssPVRkNLF		 	X	
CDK1	CDK1	P06493	human	RGPD4	285190	Q7Z3J3	RGPD4	human	S1276	7321780	HAsPLAssPVRKNLF		 	X	
CDK1	CDK1	P06493	human	RGPD5/6	84220	Q99666	RGPD6	human	S1275	3963125	HAsPLAssPVRKNLF		 	X	
CSNK2A1	CK2A1	P68400	human	PDCD5	9141	O14737	PDCD5	human	S119	452536	NRRKVMDsDEDDDy_		X	X	
CDK1	CDK1	P06493	human	NHERF	9368	O14745	SLC9A3R1	human	S280	470168	LAEAALEsPRPALVR		X	 	
CDK1	CDK1	P06493	human	NHERF	9368	O14745	SLC9A3R1	human	S302	468296	EELNsQDsPPKQDST		X	 	
AURKB	AurB	Q96GD4	human	HEC1	10403	O14777	NDC80	human	S69	474513	sGHGsRNsQLGIFSs		 	X	
ILK	ILK	Q13418	human	MRLC2	103910	O14950	MYL12B	human	S20	448595	KRPQRAtsNVFAMFD		X	X	
MAP3K12	DLK	Q12852	human	MRLC2	103910	O14950	MYL12B	human	S20	448595	KRPQRAtsNVFAMFD		 	X	
DAPK1	DAPK1	P53355	human	MRLC2	103910	O14950	MYL12B	human	S20	448595	KRPQRAtsNVFAMFD		 	X	
Dapk1	DAPK1	Q80YE7	mouse	MRLC2	103910	O14950	MYL12B	human	S20	448595	KRPQRAtsNVFAMFD		 	X	
ROCK1	ROCK1	Q13464	human	MRLC2	103910	O14950	MYL12B	human	S20	448595	KRPQRAtsNVFAMFD		X	X	
AURKB	AurB	Q96GD4	human	MRLC2	103910	O14950	MYL12B	human	S20	448595	KRPQRAtsNVFAMFD		 	X	
MYLK	smMLCK	Q15746	human	MRLC2	103910	O14950	MYL12B	human	S20	448595	KRPQRAtsNVFAMFD		X	X	
DAPK3	DAPK3	O43293	human	MRLC2	103910	O14950	MYL12B	human	S20	448595	KRPQRAtsNVFAMFD		X	X	
CAMK1	CAMK1A	Q14012	human	MRLC1	10398	P24844	MYL9	human	S20	1863500	KRPQRAtsNVFAMFD		X	 	3674; 3671; 3675
CIT	CRIK	O14578	human	MRLC1	10398	P24844	MYL9	human	S20	1863500	KRPQRAtsNVFAMFD		 	X	3674; 3671; 3675
CDC42BPA	MRCKA	Q5VT25	human	MRLC1	10398	P24844	MYL9	human	S20	1863500	KRPQRAtsNVFAMFD		X	X	3674; 3671; 3675
PRKCA	PKCA	P04409	cow	MRLC1	10398	P24844	MYL9	human	S20	1863500	KRPQRAtsNVFAMFD		 	X	3674; 3671; 3675
ROCK1	ROCK1	Q13464	human	MRLC1	10398	P24844	MYL9	human	S20	1863500	KRPQRAtsNVFAMFD		X	X	3674; 3671; 3675
PAK1	PAK1	Q13153	human	MRLC1	10398	P24844	MYL9	human	S20	1863500	KRPQRAtsNVFAMFD		 	X	3674; 3671; 3675
MYLK	smMLCK	P11799	chicken	MRLC1	10398	P24844	MYL9	human	S20	1863500	KRPQRAtsNVFAMFD		 	X	3674; 3671; 3675
MYLK	smMLCK	Q15746	human	MRLC1	10398	P24844	MYL9	human	S20	1863500	KRPQRAtsNVFAMFD		 	X	3674; 3671; 3675
Camk1	CAMK1A	Q63450	rat	MRLC1	10398	P24844	MYL9	human	S20	1863500	KRPQRAtsNVFAMFD		 	X	3674; 3671; 3675
NUAK1	NuaK1	O60285	human	MYPT1	4659	O14974	PPP1R12A	human	S445	452077	LGLRktGsyGALAEI		X	X	
CDK1	CDK1	P06493	human	Exportin-1	7514	O14980	XPO1	human	S391	3174716	sPFsTsAsPLLsGsQ		X	 	
CAMK2D	CAMK2D	Q13557	human	ANKRD28	23243	O15084	ANKRD28	human	S1011	459225	TNTskTVsFEALPIM		 	X	
CDK1	CDK1	P06493	human	ASE-1	10849	O15446	CD3EAP	human	S285	453847	PLEDtVLsPtKKRKR	RNA_polI_A34	 	X	
PDPK1	PDK1	O15530	human	PDK1	5170	O15530	PDPK1	human	S241	447693	sKQARANsFVGtAQy		X	X	3061; 3438
